{
    "textures": {
        "0": "guns/black"
    },
    "display": {
        "thirdperson_righthand": {
            "rotation": [0,90,0],
            "translation": [ 0, 6, 0],
            "scale":[ 1, 1, 1]
        },
        "thirdperson_lefthand": {
            "rotation": [0,-90,0],
            "translation": [ 0, 6, 0],
            "scale":[ 1, 1, 1]
        },
        "firstperson_righthand": {
            "rotation": [0,90,0],
            "translation": [0,6,0],
            "scale": [0.8,0.8,0.8]
        },
        "firstperson_lefthand": {
            "rotation": [0,-90,0],
            "translation": [0,6,0],
            "scale": [0.8,0.8,0.8]
        },
        "gui": {
		 "rotation": [0,180,0],
            "translation": [1,10,0],
            "scale": [1.5,1.5,1.5]
        },
        "ground": {
		 "rotation": [90,0,90],
            "translation": [-4,0,0],
            "scale": [0.5,0.5,0.5]
        },
        "fixed": {
		"fixed": {
		"rotation": [0,0,45],
            "translation": [1,-1,0],
            "scale": [1,1,1]
        }
    }
},
    "elements": [
        {
            "name": "mag1",
            "from": [ 7.500000007450581, -0.10000003129243851, 7.600000008940697 ], 
            "to": [ 9.399999976158142, 3.19999997317791, 8.399999991059303 ], 
            "faces": {
                "north": { "texture": "#0", "uv": [ 0.0, 0.0, 1.0, 3.0 ] },
                "east": { "texture": "#0", "uv": [ 0.0, 0.0, 0.9999999910593029, 3.0 ] },
                "south": { "texture": "#0", "uv": [ 0.0, 0.0, 1.0, 3.0 ] },
                "west": { "texture": "#0", "uv": [ 0.0, 0.0, 1.0, 3.0 ] },
                "up": { "texture": "#0", "uv": [ 1.0, 4.0, 2.0, 5.0 ] },
                "down": { "texture": "#0", "uv": [ 0.0, 0.0, 1.0, 1.0 ] }
            }
        },
        {
            "name": "mag2",
            "from": [ 7.200000002980232, -1.0000000298023224, 7.500000007450581 ], 
            "to": [ 7.499999962747097, 2.5999999940395355, 8.49999999254942 ], 
            "faces": {
                "north": { "texture": "#0", "uv": [ 0.0, 0.0, 1.0, 2.0 ] },
                "east": { "texture": "#0", "uv": [ 0.0, 0.0, 0.9999999910593029, 3.0 ] },
                "south": { "texture": "#0", "uv": [ 0.0, 0.0, 1.0, 3.0 ] },
                "west": { "texture": "#0", "uv": [ 0.0, 0.0, 1.0, 3.0 ] },
                "up": { "texture": "#0", "uv": [ 1.0, 1.0, 2.0, 2.0 ] },
                "down": { "texture": "#0", "uv": [ 1.0, 1.0, 2.0, 2.0 ] }
            }
        },
        {
            "name": "mag3",
            "from": [ 7.500000007450581, -1.0000000298023224, 7.500000007450581 ], 
            "to": [ 9.899999983608723, -0.700000025331974, 8.49999999254942 ], 
            "rotation": { "origin": [ 7.499999992549419, -1.0, 8.0 ], "axis": "z", "angle": 22.5 },
            "faces": {
                "north": { "texture": "#0", "uv": [ 1.0, 1.0, 2.0, 2.0 ] },
                "east": { "texture": "#0", "uv": [ 1.0, 1.0, 1.999999991059303, 2.0 ] },
                "south": { "texture": "#0", "uv": [ 1.0, 1.0, 2.0, 2.0 ] },
                "west": { "texture": "#0", "uv": [ 1.0, 1.0, 2.0, 2.0 ] },
                "up": { "texture": "#0", "uv": [ 1.0, 1.0, 2.0, 2.0 ] },
                "down": { "texture": "#0", "uv": [ 1.0, 1.0, 2.0, 2.0 ] }
            }
        },
        {
            "name": "mag4",
            "from": [ 7.600000008940697, -0.700000025331974, 7.600000008940697 ], 
            "to": [ 9.69999998062849, -0.10000001639127731, 8.399999991059303 ], 
            "rotation": { "origin": [ 7.499999992549419, -1.0, 8.0 ], "axis": "z", "angle": 22.5 },
            "faces": {
                "north": { "texture": "#0", "uv": [ 0.0, 0.0, 1.0, 3.0 ] },
                "east": { "texture": "#0", "uv": [ 0.0, 0.0, 0.9999999910593029, 3.0 ] },
                "south": { "texture": "#0", "uv": [ 0.0, 0.0, 1.0, 3.0 ] },
                "west": { "texture": "#0", "uv": [ 0.0, 0.0, 1.0, 3.0 ] },
                "up": { "texture": "#0", "uv": [ 0.0, 0.0, 1.0, 3.0 ] },
                "down": { "texture": "#0", "uv": [ 0.0, 0.0, 1.0, 3.0 ] }
            }
        },
        {
            "name": "mag5",
            "from": [ 7.800000011920929, -0.30000001937150955, 7.500000007450581 ], 
            "to": [ 9.099999986588955, 3.2000000029802322, 8.49999999254942 ], 
            "faces": {
                "north": { "texture": "#0", "uv": [ 0.0, 0.0, 1.0, 3.0 ] },
                "east": { "texture": "#0", "uv": [ 0.0, 0.0, 0.9999999910593029, 3.0 ] },
                "south": { "texture": "#0", "uv": [ 0.0, 0.0, 1.0, 3.0 ] },
                "west": { "texture": "#0", "uv": [ 0.0, 0.0, 1.0, 3.0 ] },
                "up": { "texture": "#0", "uv": [ 1.0, 10.0, 2.0, 11.0 ] },
                "down": { "texture": "#0", "uv": [ 1.0, 1.0, 2.0, 2.0 ] }
            }
        },
        {
            "name": "mag6",
            "from": [ 7.800000011920929, -0.6000000238418579, 7.500000007450581 ], 
            "to": [ 8.399999976158142, -0.30000004917383194, 8.49999999254942 ], 
            "faces": {
                "north": { "texture": "#0", "uv": [ 1.0, 1.0, 2.0, 2.0 ] },
                "east": { "texture": "#0", "uv": [ 1.0, 1.0, 1.999999991059303, 2.0 ] },
                "south": { "texture": "#0", "uv": [ 1.0, 1.0, 2.0, 2.0 ] },
                "west": { "texture": "#0", "uv": [ 1.0, 1.0, 2.0, 2.0 ] },
                "up": { "texture": "#0", "uv": [ 1.0, 1.0, 2.0, 2.0 ] },
                "down": { "texture": "#0", "uv": [ 1.0, 1.0, 2.0, 2.0 ] }
            }
        },
        {
            "name": "mag7",
            "from": [ 9.400000020861626, -0.10000001639127731, 7.500000007450581 ], 
            "to": [ 9.699999995529652, 3.2000000029802322, 8.49999999254942 ], 
            "faces": {
                "north": { "texture": "#0", "uv": [ 1.0, 1.0, 2.0, 2.0 ] },
                "east": { "texture": "#0", "uv": [ 1.0, 1.0, 1.999999991059303, 2.0 ] },
                "south": { "texture": "#0", "uv": [ 1.0, 1.0, 2.0, 2.0 ] },
                "west": { "texture": "#0", "uv": [ 1.0, 1.0, 2.0, 2.0 ] },
                "up": { "texture": "#0", "uv": [ 1.0, 1.0, 2.0, 2.0 ] },
                "down": { "texture": "#0", "uv": [ 1.0, 1.0, 2.0, 2.0 ] }
            }
        },
        {
            "name": "magtop1",
            "from": [ 7.4, 3.2, 7.6 ], 
            "to": [ 7.6000000000000005, 3.9000000000000004, 8.4 ], 
            "faces": {
                "north": { "texture": "#0", "uv": [ 1.0, 1.0, 2.0, 2.0 ] },
                "east": { "texture": "#0", "uv": [ 1.0, 1.0, 1.999999991059303, 2.0 ] },
                "south": { "texture": "#0", "uv": [ 1.0, 1.0, 2.0, 2.0 ] },
                "west": { "texture": "#0", "uv": [ 1.0, 1.0, 2.0, 2.0 ] },
                "up": { "texture": "#0", "uv": [ 1.0, 1.0, 2.0, 2.0 ] },
                "down": { "texture": "#0", "uv": [ 1.0, 1.0, 2.0, 2.0 ] }
            }
        },
        {
            "name": "magtop2",
            "from": [ 9.6, 3.2, 7.6 ], 
            "to": [ 9.799999999999999, 3.9000000000000004, 8.4 ], 
            "faces": {
                "north": { "texture": "#0", "uv": [ 1.0, 1.0, 2.0, 2.0 ] },
                "east": { "texture": "#0", "uv": [ 1.0, 1.0, 1.999999991059303, 2.0 ] },
                "south": { "texture": "#0", "uv": [ 1.0, 1.0, 2.0, 2.0 ] },
                "west": { "texture": "#0", "uv": [ 1.0, 1.0, 2.0, 2.0 ] },
                "up": { "texture": "#0", "uv": [ 1.0, 1.0, 2.0, 2.0 ] },
                "down": { "texture": "#0", "uv": [ 1.0, 1.0, 2.0, 2.0 ] }
            }
        },
        {
            "name": "magtop3",
            "from": [ 7.4, 3.2, 7.4 ], 
            "to": [ 9.8, 3.9000000000000004, 7.6000000000000005 ], 
            "faces": {
                "north": { "texture": "#0", "uv": [ 1.0, 1.0, 2.0, 2.0 ] },
                "east": { "texture": "#0", "uv": [ 1.0, 1.0, 1.999999991059303, 2.0 ] },
                "south": { "texture": "#0",