{
    "textures": {
        "0": "guns/oldgrey"
    },
    "display": {
        "thirdperson_righthand": {
            "rotation": [0,90,0],
            "translation": [ 0, 3, 0],
            "scale":[ 0.7, 0.7, 0.7]
        },
        "thirdperson_lefthand": {
            "rotation": [0,-90,0],
            "translation": [ 0, 3, 0],
            "scale":[ 0.7, 0.7, 0.7]
        },
        "firstperson_righthand": {
            "rotation": [0,90,0],
            "translation": [-5,6,1],
            "scale": [0.7,0.7,0.7]
        },
        "firstperson_lefthand": {
            "rotation": [0,-90,0],
            "translation": [-5,6,1],
            "scale": [0.7,0.7,0.7]
        },
        "gui": {
		 "rotation": [0,180,0],
            "translation": [0,12,0],
            "scale": [2,2,2]
        },
        "ground": {
		 "rotation": [90,0,90],
            "translation": [-4,0,0],
            "scale": [0.5,0.5,0.5]
        },
        "fixed": {
		"fixed": {
		"rotation": [0,0,45],
            "translation": [1,-1,0],
            "scale": [1,1,1]
        }
    }
},
    "elements": [
        {
            "name": "mag1",
            "from": [ 7.0, -1.4, 7.6 ], 
            "to": [ 9.100000001490116, 4.399999997019767, 8.4 ], 
            "faces": {
                "north": { "texture": "#0", "uv": [ 1.0, 7.0, 2.0, 8.0 ] },
                "east": { "texture": "#0", "uv": [ 1.0, 7.0, 1.9999999880790709, 8.0 ] },
                "south": { "texture": "#0", "uv": [ 1.0, 7.0, 2.0, 8.0 ] },
                "west": { "texture": "#0", "uv": [ 1.0, 7.0, 1.9999999880790709, 8.0 ] },
                "up": { "texture": "#0", "uv": [ 1.0, 7.0, 2.0, 8.0 ] },
                "down": { "texture": "#0", "uv": [ 1.0, 7.0, 2.0, 7.999999988079071 ] }
            }
        },
        {
            "name": "mag2",
            "from": [ 7.0, 4.4, 7.6 ], 
            "to": [ 9.100000001490116, 5.199999997019768, 7.699999999999999 ], 
            "faces": {
                "north": { "texture": "#0", "uv": [ 1.0, 7.0, 2.0, 8.0 ] },
                "east": { "texture": "#0", "uv": [ 1.0, 7.0, 1.9999999880790709, 8.0 ] },
                "south": { "texture": "#0", "uv": [ 1.0, 7.0, 2.0, 8.0 ] },
                "west": { "texture": "#0", "uv": [ 1.0, 7.0, 1.9999999880790709, 8.0 ] },
                "up": { "texture": "#0", "uv": [ 1.0, 7.0, 2.0, 8.0 ] },
                "down": { "texture": "#0", "uv": [ 1.0, 7.0, 2.0, 7.999999988079071 ] }
            }
        },
        {
            "name": "mag3",
            "from": [ 7.0, 4.4, 8.3 ], 
            "to": [ 9.100000001490116, 5.199999997019768, 8.4 ], 
            "faces": {
                "north": { "texture": "#0", "uv": [ 1.0, 7.0, 2.0, 8.0 ] },
                "east": { "texture": "#0", "uv": [ 1.0, 7.0, 1.9999999880790709, 8.0 ] },
                "south": { "texture": "#0", "uv": [ 1.0, 7.0, 2.0, 8.0 ] },
                "west": { "texture": "#0", "uv": [ 1.0, 7.0, 1.9999999880790709, 8.0 ] },
                "up": { "texture": "#0", "uv": [ 1.0, 7.0, 2.0, 8.0 ] },
                "down": { "texture": "#0", "uv": [ 1.0, 7.0, 2.0, 7.999999988079071 ] }
            }
        },
        {
            "name": "mag4",
            "from": [ 7.0, 4.4, 7.6 ], 
            "to": [ 7.1, 5.2, 8.299999999999999 ], 
            "faces": {
                "north": { "texture": "#0", "uv": [ 1.0, 7.0, 2.0, 8.0 ] },
                "east": { "texture": "#0", "uv": [ 1.0, 7.0, 1.9999999880790709, 8.0 ] },
                "south": { "texture": "#0", "uv": [ 1.0, 7.0, 2.0, 8.0 ] },
                "west": { "texture": "#0", "uv": [ 1.0, 7.0, 1.9999999880790709, 8.0 ] },
                "up": { "texture": "#0", "uv": [ 1.0, 7.0, 2.0, 8.0 ] },
                "down": { "texture": "#0", "uv": [ 1.0, 7.0, 2.0, 7.999999988079071 ] }
            }
        },
        {
            "name": "mag5",
            "from": [ 9.0, 4.4, 7.6 ], 
            "to": [ 9.1, 5.2, 8.299999999999999 ], 
            "faces": {
                "north": { "texture": "#0", "uv": [ 1.0, 7.0, 2.0, 8.0 ] },
                "east": { "texture": "#0", "uv": [ 1.0, 7.0, 1.9999999880790709, 8.0 ] },
                "south": { "texture": "#0", "uv": [ 1.0, 7.0, 2.0, 8.0 ] },
                "west": { "texture": "#0", "uv": [ 1.0, 7.0, 1.9999999880790709, 8.0 ] },
                "up": { "texture": "#0", "uv": [ 1.0, 7.0, 2.0, 8.0 ] },
                "down": { "texture": "#0", "uv": [ 1.0, 7.0, 2.0, 7.999999988079071 ] }
            }
        },
        {
            "name": "bullet",
            "from": [ 7.1, 4.4, 7.7 ], 
            "to": [ 8.9, 5.2, 8.2 ], 
            "faces": {
                "north": { "texture": "#0", "uv": [ 1.0, 10.0, 2.0, 11.0 ] },
                "east": { "texture": "#0", "uv": [ 1.0, 10.0, 1.9999999880790709, 11.0 ] },
                "south": { "texture": "#0", "uv": [ 1.0, 10.0, 2.0, 11.0 ] },
                "west": { "texture": "#0", "uv": [ 1.0, 10.0, 1.9999999880790709, 11.0 ] },
                "up": { "texture": "#0", "uv": [ 1.0, 10.0, 2.0, 11.0 ] },
                "down": { "texture": "#0", "uv": [ 1.0, 10.0, 2.0, 10.999999988079072 ] }
            }
        }
    ]
}