{
    "textures": {
        "0": "models/Machete/Machete"
        },
    "display": {
        "thirdperson_righthand": {
            "rotation": [0,90,0],
            "translation": [ 0, 2.5, 1],
            "scale":[ 1, 1, 1]
        },
        "thirdperson_lefthand": {
            "rotation": [0,-90,0],
            "translation": [ 0, 2.5, 1],
            "scale":[ 1, 1, 1]
        },
        "firstperson_righthand": {
            "rotation": [0,90,10],
            "translation": [0,3,0],
            "scale": [0.7,0.7,0.7]
        },
        "firstperson_lefthand": {
            "rotation": [0,-90,10],
            "translation": [0,3,0],
            "scale": [0.7,0.7,0.7]
        },
        "gui": {
		 "rotation": [0,180,45],
            "translation": [-1,-2,0],
            "scale": [1,1,1]
        },
        "ground": {
		 "rotation": [90,0,90],
            "translation": [0,-6,0],
            "scale": [1,1,1]
        },
        "head": {
            "rotation": [ 0, 180, 0 ],
            "translation": [ 0, 16, 7],
            "scale":[ 1.5, 1.5, 1.5 ]
        },
        "fixed": {
		"rotation": [20,0,0],
            "translation": [1,-4,-4],
            "scale": [1.5,1.5,1.5]
    }
},
    "elements": [
        {
            "name": "handle1",
            "from": [ 7.100000001490116, 0.0, 7.4000000059604645 ], 
            "to": [ 9.200000017881393, 0.4999999925494194, 8.600000008940697 ], 
            "faces": {
                "north": { "texture": "#0", "uv": [ 0.1, 0.1, 0.9, 0.9 ] },
                "east": { "texture": "#0", "uv": [ 0.1, 0.1, 0.9, 0.9 ] },
                "south": { "texture": "#0", "uv": [ 0.1, 0.1, 0.9, 0.9 ] },
                "west": { "texture": "#0", "uv": [ 0.1, 0.1, 0.9, 0.9 ] },
                "up": { "texture": "#0", "uv": [ 0.1, 0.1, 0.9, 0.9 ] },
                "down": { "texture": "#0", "uv": [ 0.1, 0.1, 0.9, 0.9 ] }
            }
        },
        {
            "name": "handle2",
            "from": [ 7.100000001490116, 0.5000000074505806, 7.4000000059604645 ], 
            "to": [ 8.400000005960464, 5.500000007450581, 8.600000008940697 ], 
            "faces": {
                "north": { "texture": "#0", "uv": [ 0.1, 0.1, 0.9, 0.9 ] },
                "east": { "texture": "#0", "uv": [ 0.1, 0.1, 0.9, 0.9 ] },
                "south": { "texture": "#0", "uv": [ 0.1, 0.1, 0.9, 0.9 ] },
                "west": { "texture": "#0", "uv": [ 0.1, 0.1, 0.9, 0.9 ] },
                "up": { "texture": "#0", "uv": [ 0.1, 0.1, 0.9, 0.9 ] },
                "down": { "texture": "#0", "uv": [ 0.1, 0.1, 0.9, 0.9 ] }
            }
        },
        {
            "name": "handle3",
            "from": [ 7.100000001490116, 5.499999992549419, 7.4000000059604645 ], 
            "to": [ 9.200000017881393, 5.999999985098839, 8.600000008940697 ], 
            "faces": {
                "north": { "texture": "#0", "uv": [ 0.1, 0.1, 0.9, 0.9 ] },
                "east": { "texture": "#0", "uv": [ 0.1, 0.1, 0.9, 0.9 ] },
                "south": { "texture": "#0", "uv": [ 0.1, 0.1, 0.9, 0.9 ] },
                "west": { "texture": "#0", "uv": [ 0.1, 0.1, 0.9, 0.9 ] },
                "up": { "texture": "#0", "uv": [ 0.1, 0.1, 0.9, 0.9 ] },
                "down": { "texture": "#0", "uv": [ 0.1, 0.1, 0.9, 0.9 ] }
            }
        },
        {
            "name": "handle4",
            "from": [ 8.0, -1.4901161193847656E-8, 7.4000000059604645 ], 
            "to": [ 9.200000017881393, 0.4999999776482582, 8.600000008940697 ], 
            "rotation": { "origin": [ 9.200000017881393, 0.4999999776482582, 8.0 ], "axis": "z", "angle": -45.0 },
            "faces": {
                "north": { "texture": "#0", "uv": [ 0.1, 0.1, 0.9, 0.9 ] },
                "east": { "texture": "#0", "uv": [ 0.1, 0.1, 0.9, 0.9 ] },
                "south": { "texture": "#0", "uv": [ 0.1, 0.1, 0.9, 0.9 ] },
                "west": { "texture": "#0", "uv": [ 0.1, 0.1, 0.9, 0.9 ] },
                "up": { "texture": "#0", "uv": [ 0.1, 0.1, 0.9, 0.9 ] },
                "down": { "texture": "#0", "uv": [ 0.1, 0.1, 0.9, 0.9 ] }
            }
        },
        {
            "name": "handle5",
            "from": [ 8.0, 5.499999977648258, 7.4000000059604645 ], 
            "to": [ 9.200000017881393, 5.999999970197678, 8.600000008940697 ], 
            "rotation": { "origin": [ 9.200000017881393, 5.499999977648258, 8.0 ], "axis": "z", "angle": 45.0 },
            "faces": {
                "north": { "texture": "#0", "uv": [ 0.1, 0.1, 0.9, 0.9 ] },
                "east": { "texture": "#0", "uv": [ 0.1, 0.1, 0.9, 0.9 ] },
                "south": { "texture": "#0", "uv": [ 0.1, 0.1, 0.9, 0.9 ] },
                "west": { "texture": "#0", "uv": [ 0.1, 0.1, 0.9, 0.9 ] },
                "up": { "texture": "#0", "uv": [ 0.1, 0.1, 0.9, 0.9 ] },
                "down": { "texture": "#0", "uv": [ 0.1, 0.1, 0.9, 0.9 ] }
            }
        },
        {
            "name": "handle6",
            "from": [ 6.799999997019768, 0.0, 7.700000010430813 ], 
            "to": [ 8.700000010430813, 6.0, 8.300000004470348 ], 
            "faces": {
                "north": { "texture": "#0", "uv": [ 0.1, 0.1, 0.9, 0.9 ] },
                "east": { "texture": "#0", "uv": [ 0.1, 0.1, 0.9, 0.9 ] },
                "south": { "texture": "#0", "uv": [ 0.1, 0.1, 0.9, 0.9 ] },
                "west": { "texture": "#0", "uv": [ 0.1, 0.1, 0.9, 0.9 ] },
                "up": { "texture": "#0", "uv": [ 0.1, 0.1, 0.9, 0.9 ] },
                "down": { "texture": "#0", "uv": [ 0.1, 0.1, 0.9, 0.9 ] }
            }
        },
        {
            "name": "handle7",
            "from": [ 6.799999997019768, 0.0, 7.700000010430813 ], 
            "to": [ 7.223999997019768, 6.0, 8.0 ], 
            "rotation": { "origin": [ 6.799999982118607, 4.799999997019768, 7.699999995529652 ], "axis": "y", "angle": 45.0 },
            "faces": {
                "north": { "texture": "#0", "uv": [ 0.1, 0.1, 0.9, 0.9 ] },
                "east": { "texture": "#0", "uv": [ 0.1, 0.1, 0.9, 0.9 ] },
                "south": { "texture": "#0", "uv": [ 0.1, 0.1, 0.9, 0.9 ] },
                "west": { "texture": "#0", "uv": [ 0.1, 0.1, 0.9, 0.9 ] },
                "up": { "texture": "#0", "uv": [ 0.1, 0.1, 0.9, 0.9 ] },
                "down": { "texture": "#0", "uv": [ 0.1, 0.1, 0.9, 0.9 ] }
            }
        },
        {
            "name": "handle8",
            "from": [ 6.799999997019768, 0.0, 8.000000014901161 ], 
            "to": [ 7.223999997019768, 6.0, 8.300000004470348 ], 
            "rotation": { "origin": [ 6.799999982118607, 4.799999997019768, 8.300000004470348 ], "axis": "y", "angle": -45.0 },
            "faces": {
                "north": { "texture": "#0", "uv": [ 0.1, 0.1, 0.9, 0.9 ] },
                "east": { "texture": "#0", "uv": [ 0.1, 0.1, 0.9, 0.9 ] },
                "south": { "texture": "#0", "uv": [ 0.1, 0.1, 0.9, 0.9 ] },
                "west": { "texture": "#0", "uv": [ 0.1, 0.1, 0.9, 0.9 ] },
                "up": { "texture": "#0", "uv": [ 0.1, 0.1, 0.9, 0.9 ] },
                "down": { "texture": "#0", "uv": [ 0.1, 0.1, 0.9, 0.9 ] }
            }
        },
        {
            "name": "handle9",
            "from": [ 8.399999991059303, 0.5000000074505806, 7.4000000059604645 ], 
            "to": [ 8.823999991059303, 5.500000007450581, 7.699999995529652 ], 
            "rotation": { "origin": [ 8.400000005960464, 4.799999997019768, 7.399999991059303 ], "axis": "y", "angle": -45.0 },
            "faces": {
                "north": { "texture": "#0", "uv": [ 0.1, 0.1, 0.9, 0.9 ] },
                "east": { "texture": "#0", "uv": [ 0.1, 0.1, 0.9, 0.9 ] },
                "south": { "texture": "#0", "uv": [ 0.1, 0.1, 0.9, 0.9 ] },
                "west": { "texture": "#0", "uv": [ 0.1, 0.1, 0.9, 0.9 ] },
                "up": { "texture": "#0", "uv": [ 0.1, 0.1, 0.9, 0.9 ] },
                "down": { "texture": "#0",